PEG3000 concentration (%w/v);set 1;set 2;Average dilute phase (µM)
2;49.03133557;49.8550127;49.44317
3;37.6467718;39.12484578;38.38581
4;32.75220349;33.56783745;33.16002
5;26.93361579;28.33109445;27.63236
6;23.22457525;23.95629996;23.59044
7;18.26885813;18.22909609;18.24898